id,comments,sentiment,class
0,thijshs take rest day birthday smile face,1,3
1,yo homies trihard,0,8
2,swiftrage100 happy kappa birthday,1,7
3,hey thijs hope are good hope have wonderful stream smile face love,1,3
4,lul not legend yet lul,1,8
5,heard decided trade kappa,1,3
6,thijshs when play deck cabal couriers are underwhelming unlucky,0,4
7,mrdestructoid,0,1
8,thijshs without alex deck exist,0,3
9,is better meteor another pyroblast,0,3
10,forsenh,0,1
11,blizzard plz nerf quest rogue wont buy packs notlikethis,-1,3
12,forsen sub (puke),0,8
13,recommend burn smorc,0,8
14,where is alex hahaa,0,4
15,hey thijshs smile face how are coming tell managed lose 35000g one half years feels good man,1,4
16,forsenx,0,1
17,best outcome kappa,1,8
18,wutface,-1,1
19,kappa,1,1
20,tru3oi tru3oi tru3oi,0,1
21,trihard,1,1
22,biggie smalls trihard,1,8
23,thijs1 thijs2,1,1
24,dansgame,-1,1
25,cmonbruh,0,1
26,trihard,1,1
27,thank feels good man clap,1,7
28,aight cuh cmonbruh,0,8
29,thijs3 thijs4,1,1
30,sharp gadgetzan steel hahaa,0,8
31,thijs1 thijs2,1,1
32,far blood cmonbruh,0,8
33,thijs2 thijs3,1,1
34,cmonbruh,0,1
35,want hard commit love food energy drinks haha,1,3
36,morning thijs climbing wild month,1,6
37,lul,1,1
38,pogchamp,1,1
39,lul,1,1
40,pogchamp,1,1
41,smorc,0,1
42,thats actually bad lol,1,3
43,7 mana minions are memes,0,3
44,pyro minion avoid dmg,0,3
45,8 mana drop 7 mana drop,0,3
46,thijs1 thijs2,1,1
47,10 10 smorc,0,8
48,thijshs next time have play hunter give elemental beast hunter try smile face,1,3
49,shall build murloc paladin,0,3
50,knnow feel took many attempts finally get really started,0,3
51,missed 20 dmg face smorc,0,3
52,free 1 4 opieop,0,8
53,brokeback,-1,1
54,mage dansgame kys thijshs,-1,8
55,amazscam amazscam amazscam amazscam,-1,1
56,pogchamp,1,1
57,yes best deck game,1,3
58,all play double brawl,0,3
59,game is not over,0,3
60,not over lul,1,8
61,elegiggle,1,1
62,lul,1,1
63,yeah older get harder is going told,0,3
64,thijs1 thijs2,1,1
65,top deck alex pogchamp,1,3
66,rekt,-1,1
67,thijs1 thijs2,1,1
68,think also depends how much want lose but heard aswell,0,4
69,thijs1 thijs2,1,1
70,thijs3 thijs4,1,1
71,lul,1,1
72,thijsrekt thijsrekt,1,1
73,value game hahaa,1,8
74,wutface,-1,1
75,kappa,1,1
76,forseno forsengun,0,1
77,wutface,-1,1
78,quest warrior is fun kappa,1,3
79,back rank 2 seemsgood,1,3
80,lost 4 pyroblast lul,1,3
81,good morning heyguys,1,6
82,pogchamp,1,1
83,brokeback,-1,1
84,im pretty big yeah haha got quite bit get rid need cut sugar diet,1,3
85,forsensleeper forsenx,0,1
86,opieop,0,1
87,danfat,0,1
88,opieop,0,1
89,good morning thijshs nice sweater is yesterday already kappa kidding keep love,1,6
90,thijsulu,1,1
91,heyguys hello thijshs,1,6
92,thijshs what would good alternative card bloodmage thalnos smile face,1,4
93,is concede synergie elemental beast hunter hahaa,1,3
94,lul,1,1
95,dansgame,-1,1
96,dansgame,-1,1
97,residentsleeper mage mirror,-1,8
98,forsent forsenknife forsene,0,1
99,thijsulu thijsulu thijsulu thijsulu thijsulu,1,1
100,thijs good morning bro,1,6
101,forsent forseno forsent,0,1
102,well done bruh,1,7
103,thijslento thijsulu,1,1
104,35 kg wutface,-1,8
105,forsene,0,1
106,gained 5 kg 2 years smile face,1,3
107,horsen subs 200017 lul,1,8
108,happy birthday thijshs feels birthday man,1,7
109,forsenddk forsenwhip,0,1
110,forsent forseno forsenc forsent forseno forsenc forsent forseno forsenc forsent forseno forsenc forsent forsen1 forsen2,0,1
111,good mourning smile face,1,6
112,forsen3,0,1
113,kappa kappa kappa kappa kappa,1,1
114,thedges is nice guy,1,3
115,forsenemote forsenrp,0,1
116,forsen emotes hahaa clap,1,8
117,forsentt forsene forseno forsenw,0,1
118,gained 35 kg 4 years,0,3
119,sugary drinks are killing every diet cut first start changing eating habits around,0,3
120,forsenboys,0,1
121,lul,1,1
122,thijsrope thijsrope2 thijsrope2 thijsrope2 thijsrope2,1,1
123,fishes is gr8 sabaping,0,3
124,forsenboys,0,1
125,forsen1,0,1
126,forsene,0,1
127,forsen1,0,1
128,thijshahaa thijshahaa thijshahaa thijshahaa,1,1
129,saw spring playoffs are alphen aan de rijn goes plan citytrip big dutch city unhappy,-1,3
130,forsene,0,1
131,forsengun,0,1
132,thijshello thijshello thijshello thijshello,1,1
133,thijshs why r playing asia,0,4
134,forsen subs 200017 dansgame,-1,8
135,yeah hard but ive got anyway im see around stream maybe,0,3
136,flame geyser kreygasm,1,8
137,forsen subs forsen lul,1,8
138,thijs1 thijs2,1,1
139,thijs3 thijs4,1,1
140,bye bye koncha,1,6
141,dansgame,-1,1
142,da boints wixt,0,8
143,morning thijs looking hench today seemsgood,1,6
144,asian server european champtionship : thinkinh :,1,3
145,forsenh,0,1
146,happy,1,1
147,amazw amaz amazw subs amazw united amazw,0,8
148,eu 1 no balls dansgame,-1,3
149,doctorjawline doctorslice doctorpunk,0,1
150,dansgame,-1,1
151,thijsthinking thijsthinking thijsthinking,1,1
152,thijsthinking thijsthinking thijsthinking thijsthinking,1,1
153,0 4sen boyz forsen lul,1,8
154,cannot get ladder eu qualify via asia,-1,3
155,thijshs savjzfeelsgood savjzhey,1,8
156,wtf is forsenh picture is not forsen,-1,3
157,thijshs good morning,1,6
158,trumpw,0,1
159,pot greed need,0,8
160,residentsleeper doctorsmc,-1,1
161,lul,1,1
162,forsene failfish,-1,1
163,what does card do kappa,1,4
164,thijshs also have birthday tomorrow pogchamp,1,3
165,kappa,1,1
166,thijshs is decklist rigged purpose mindgames streamsnipers hahaa,1,3
167,forsengasm forsenwhip forsenddk,0,1
168,forsene,0,1
169,seemsgood,1,1
170,lul,1,1
171,lul,1,1
172,lul,1,1
173,nice play thijs,1,7
174,failfish,-1,1
175,no racists yet feels bad man,-1,3
176,thijshs why does nobody play time warp mage,0,4
177,have keep mind lul,1,3
178,happy birthday smile face,1,7
179,thijshs why are not listening some music smile face,1,4
180,kappa,1,1
181,kappa kappa,1,1
182,kappa kappa kappa,1,1
183,kappa kappa,1,1
184,kappa,1,1
185,kappa,1,1
186,kappa,1,1
187,kappa,1,1
188,rman3955 but thijs is always listening different music bot says kappa,1,3
189,one man spam feels bad man,-1,3
190,thijshs have alphen seems like lot farmlands smile face,1,3
191,kappa,1,1
192,keepo,0,1
193,kappa,1,1
194,c 9 may pacani,0,8
195,kappa,1,1
196,coolstorybob,1,1
197,play gachi gachigasm,1,8
198,what music do like nerd,0,4
199,gachigasm,1,1
200,gachigasm,1,1
201,are right bro,0,8
202,kappa,1,1
203,listen gachi together gachigasm,1,8
204,no all love music thinjs,0,3
205,coolstorybob amazing coolstorybob,1,1
206,seemsgood,1,1
207,lul,1,1
208,gachigasm,1,1
209,kappa,1,1
210,pogchamp,1,1
211,kappa,1,1
212,exactly what did sourpls,0,4
213,always wins keepo,0,8
214,3 mana 7 7 pogchamp,1,8
215,actually pretty good point,1,3
216,gachigasm,1,1
217,free 7 7,0,8
218,jebaited,1,1
219,0 2 feels bad man,-1,8
220,4head,1,1
221,finally someone came idea smile face,1,3
222,wow can watch thijs while listening music wow pogchamp,1,3
223,gachigasm,1,1
224,3 mana 7 7,0,8
225,happy birthday feels birthday man,1,7
226,popping pimple pogchamp,1,8
227,must work enemy stand,0,3
228,failfish oh god,-1,8
229,failfish,-1,1
230,lul,1,1
231,thats nice know,1,3
232,smorc,0,1
233,trading 2017 lul,1,8
234,smorc,0,1
235,smorc,0,1
236,thijshs replacement meteor,0,3
237,thijshs why does nobody play exodia mage anymore,0,4
238,welcome hearthstone everything is aggressive lul,1,3
239,why trade dont need kappa,1,4
240,have ever seen martin garrix live thijshs,0,3
241,thijshs what do think replacing medivh yogg,0,4
242,happy birthday thijs kappa,1,7
243,because trump rated card 1 star,0,3
244,happy birthday kolento,1,7
245,dr 7 lul,1,8
246,13 btw hahaa feels birthday man,1,7
247,thijshs what do think replacing medivh yogg,0,4
248,thijshs why not yogg instead alex deck,0,4
249,brainslug,0,1
250,dansgame,-1,1
251,slow chat monkas,0,8
252,kappa,1,1
253,dansgame,-1,1
254,brainslug,0,1
255,pavelin book lul,1,8
256,kappa,1,1
257,jebaited,1,1
258,gachigasm,1,1
259,ooh bablink book kreygasm,1,8
260,pogchamp,1,1
261,gachigasm,1,1
262,gachigasm,1,1
263,hot loads gachigasm jebaited,1,1
264,kappa,1,1
265,gachigasm,1,1
266,kappa,1,1
267,gachigasm,1,1
268,jebaited,1,1
269,kappa gay chat,1,8
270,gachigasm,1,1
271,kappa,1,1
272,kappa,1,1
273,kappa,1,1
274,lidl subs failfish,-1,8
275,gachigasm,1,1
276,( gachigasm ) cmon man ( gachigasm ),1,1
277,gachigasm,1,1
278,giveplz giveplz giveplz giveplz giveplz,1,1
279,gachigasm,1,1
280,kappa kappa,1,1
281,happy birthday you(no),1,7
282,lidl subs forseny,0,8
283,lul,1,1
284,lul,1,1
285,happy birthday thijshs,1,7
286,why is gachi prominent hs,0,4
287,lul,1,1
288,kappa,1,1
289,rank 2 lul,1,8
290,rank 2 lul,1,8
291,tjis zahu do mikrof nu,0,9
292,rank 2 monkas,0,8
293,rank 2 lul,1,8
294,rank 2 lul,1,8
295,rank 2 forsens,0,8
296,elegiggle,1,1
297,rank 2 feels bad man,-1,8
298,monkas,0,1
299,lul,1,1
300,do like sex,0,3
301,no tilting today thijs kappa,1,3
302,rank 2 plays kappa,1,8
303,rank 2 streamer monkas,0,8
304,heyguys heyguys,1,1
305,monkas,0,1
306,presents kreygasm kappa,1,1
307,who is brazzers,0,4
308,happy birthday thijs,1,7
309,gachigasm,1,1
310,smile face,1,1
311,kolento backed rank2 monkas,0,8
312,is what get not playing blizzard,0,4
313,thijshs why not yogg instead alex deck,0,4
314,minglee,1,1
315,oskomodo oskomodo,0,1
316,gachigasm,1,1
317,kappa,1,1
318,gachigasm,1,1
319,fair mage list looks horrible wutface,-1,3
320,koncha hey thijs,0,6
321,gachigasm,1,1
322,monkas one man spam monkas,0,3
323,gachigasm,1,1
324,amazscam one amazscam man amazscam spam amazscam,-1,1
325,one man spam dansgame dansgame dansgame,-1,1
326,do not overuse monkas,0,3
327,mod plz wutface,-1,8
329,4head,1,1
330,wutface,-1,1
331,monkas,-1,1
332,p4nwy sub 200017 lul,1,8
333,lul,1,1
334,lul,1,1
335,lol,1,1
336,congratulations victory day guys,1,7
337,lul turn 2,1,8
338,lul,1,1
339,do not ban monkas,0,3
340,see dont pogchamp,1,3
341,lul,1,1
342,lul,1,1
343,should have picked secret,0,3
344,lul,1,1
345,good game concede lul,1,3
346,meta is fast deal,0,3
347,smorc,0,1
348,smorc smorc smorc,0,1
349,lul,1,1
350,concede druid seemsgood,1,3
351,coolstorybob,1,1
352,cancer meta kappa,1,3
353,coolstorybob,1,1
354,smorc smorc,0,1
355,thijshs did notice hit 300000 followers kalove,0,3
356,smorc,0,1
357,chat got rekt thijs kappa,1,3
358,where is youre legend hah argieb8,0,4
359,do think elise is good deck,0,3
360,kappa,1,1
361,smorc druid what pro,0,4
362,monkas climb wrong way,0,3
363,feels good man,1,3
364,are russians happy 9th may,0,4
365,feels birthday man,1,7
366,pjsalt,-1,1
367,gachigasm,1,1
368,brokeback,-1,1
369,doesnt play minion hes sniping,0,3
370,smorc good play,1,7
371,lul,1,1
372,lul,1,1
373,pogchamp,1,1
374,4head,1,1
375,thijshs why no win counter stream,0,4
376,lul,1,1
377,lul fair balanced game,1,3
378,lul,1,1
379,lul,1,1
380,brokeback brokeback,-1,1
381,dr 3 lul,1,8
382,0 3 lul,1,8
383,feels bad man,-1,3
384,well played lul,1,7
385,do not play control thjis meta,0,3
386,lul lul,1,1
387,hmm well played xd,1,7
388,feels niped man,0,8
389,good start kappa,1,3
390,destroyed money feels bad man,-1,3
391,maybe start clean another deck,0,3
392,haha yeah man doctor 3,1,3
393,crybaby druid is powerfull,0,3
394,thats why token druid is best deck climb,1,4
395,druids much highrolling lately,0,3
396,how morning far thijshs,0,4
397,babyrage babyrage babyrage,-1,1
398,kappa,1,1
399,thijsweeb thijsweeb,1,1
400,kappa,1,1
401,druid is new cancer deck another,0,3
402,monkas e excuse mr thijs sir climb wrong way,0,3
403,concede druid vs concede mage jebaited,1,3
404,heyguys almost birthday thijs,1,7
405,say name kappa,1,3
406,drood deck gas pathetic deck ever go all hope dont have answers people even enjoy,0,3
407,went rank 1 lul,1,3
408,birthday tomorrow mines today bloodtrail,1,3
409,hahaa great start btw hahaa,1,7
410,play reno priest,0,3
411,heyguys,1,1
412,thijshs why not run volcanic potion instead meteor much better aggro,0,4
413,happy almost birthday thijs perng,1,7
414,aggro druid became thing ungoro,0,3
415,drop meteor plz takenrg takenrg,1,3
416,reverse climbing kappa,1,8
417,kappa,1,1
418,copythis copythis copythis copythis,0,1
419,pogchamp,1,1
420,thijshs is gunther mage still tier 1 is fav deck atm,0,3
421,savjzreno savjzreno savjzreno savjzreno,0,1
422,feels birthday man,1,7
423,kazakus priest is actually good ebven without reno thijshs,0,3
424,dad beats feels bad man mom beats feels bad man brother beats feels bad man sister beats feels bad man least feel safe thijs because cannot beat anyone feels good man,-1,3
425,thijshs what do think replacing medivh yogg,0,4
426,druid 2017 hahaa,1,8
427,thijs when is birthday,0,4
428,zeddyhs use meteor volcanic potion cut sorcerer apprentice,0,3
429,faced 5 jade druid roll today,0,3
430,happy,1,1
431,thijshs when playing discover mage vs paladin should frostbolt vilefin t2 hold warleader,0,3
432,morning thijs hows going,1,7
433,cmonbruh,0,1
434,dad beats feels bad man mom beats feels bad man brother beats feels bad man sister beats feels bad man least feel safe thijs because cannot beat anyone feels good man,-1,3
435,cut apprentice run ooze volcanic no meteor,0,3
436,feels good man,1,7
437,thijshs what do think replacing medivh yogg medivh seems slow when behind unnecessary when ahead,0,4
438,forsent hold line,0,3
439,feels bad man,-1,3
440,yeah would say jade druid is popular aggro right,0,3
441,forsent hold line,0,3
442,coolstorybob,1,1
443,run ooze polymorph no babbling books but not sure right,0,3
444,smorc smorc smorc smorc,0,1
445,coolstorybob do continue,1,3
446,forsent forsent forsent forsent,0,1
447,pogchamp,1,1
448,are winning thats all matters,0,3
449,nice name lul,1,8
450,lul,1,1
451,is gunther mage still tier 1 is fav deck atm thijshs,0,4
452,lul,1,1
453,zeddyhs made dozen games rank 9 dunno gonna work funny,0,3
454,totally butchered lul,1,8
455,kappa,1,1
456,is control mage,0,3
457,xd dat pronounciation tho cmon thijs,0,3
458,xd xd xd xd xddxd,1,1
459,thijshs try sytrax mage,0,3
460,monkas cannot pronounce name,-1,3
461,azure drake cmonbruh,0,8
462,forsenwut hold wut,0,8
463,trihard,1,1
464,why deck called gunther mage kappa,1,4
465,pogchamp,1,1
466,kappa,1,1
467,cmonbruh,0,1
468,kappa,1,1
469,replace thalnos wit millhouse helps miracle rogue kappa kappa kappa kappa,1,3
470,could pm link,0,3
471,named player made,0,3
472,conceding might better,0,3
473,4head,1,1
474,happy birthday streams are making starting revision morning much easier,1,7
475,kappa,1,1
476,next time might call valeera short hearthstone form keepo,0,3
477,jade druid is brokeback,-1,3
478,s1lverowl,0,1
479,shutthe fuck upforsenfags forsenomega,0,8
480,draw last forsenzu lul,1,5
481,draw last dansgame,-1,5
482,draw last lul,1,5
483,draw first wtf dansgame,-1,5
484,order forsenzu lul,1,8
485,subbing forsen 2017 lul,1,8
486,lul,1,1
487,nice 3 drop man,1,8
488,forsenemote 5 forsenemote2,0,1
489,4mana 7 7 pogchamp,1,8
490,activity current year lul,1,3
491,coolstorybob,1,1
492,meteor is must turn wouldny change fact wouldve dropped anyways,0,3
493,coolstorybob,1,1
494,what does future hold,0,4
495,18 armor kreygasm,1,8
496,c mon man gachigasm,1,8
497,coolstorybob,1,1
498,smorc,0,1
499,jade players brokeback brokeback brokeback,-1,1
500,is druid tempo warrior,0,4
501,trihard,1,1
502,trihard,1,1
503,trihard,1,1
504,cmonbruh,0,1
505,cannot shee forsent,0,8
506,forsenh,0,1
507,trihard,1,1
508,misplay notlikethis notlikethis notlikethis,-1,1
509,shouldve pinged hogger instead bloodmage,0,3
510,why not ping hogger,0,4
511,rekt,-1,1
512,h pogchamp g g e r,1,8
513,pogchamp explorer ungoro,1,8
514,cmonbruh,0,1
515,pogchamp pogchamp pogchamp,1,1
516,lol,1,1
517,cmonbruh,0,1
518,wutface,-1,1
519,kappa,1,1
520,double,0,1
521,lul why not ping,1,4
522,lul,1,1
523,how save geim,0,4
524,notlikethis notlikethis,-1,1
525,replaced deck lul,1,3
526,never get good yogg kappa,-1,3
527,brokeback,-1,1
528,amazscam,-1,1
529,oh shoulder gachigasm,1,8
530,residentsleeper,-1,1
531,babyrage,-1,1
532,lul,1,1
533,kappa,1,1
534,babyrage,-1,1
535,yogg lul,1,7
536,30 armor forsenomega,0,8
537,druid 30 armor lul,1,8
538,30 armor duid,0,8
539,doesnt have jades tho jebaited,1,3
540,4head,1,1
541,no jades least,0,3
542,control druid lul,1,3
543,forsenomega clap forsenomega clap forsenomega clap,0,1
544,no jades feels good man,1,3
545,pogchamp,1,1
546,blessrng give good yogg,1,3
547,lmao hope druid likes disciver,1,3
548,snipe,-1,1
549,do yog spells count toward yog spells,0,4
550,can discover even jades kripp lul,1,3
551,did druid play justicar,0,4
552,reminds stupid c thun warrior lul,1,3
553,jade druid can fatique feels good man,1,3
554,kevnhi kevnhi kevnhi,0,1
555,babyrage vs blessrng,-1,8
556,brokeback,-1,1
557,smorc,0,1
558,smorc,0,1
559,bounce back 10 armor,0,3
560,why not doom feels bad man,-1,4
561,smorc,0,1
562,oskomodo,0,1
563,oskomodo,0,1
564,draw last forsen lul,1,5
565,curselit trihard,1,1
566,yolo good game lul,1,3
567,kill yogg wtf notlikethis,-1,3
568,ssssss,0,1
569,monkas,0,1
570,draw last lul,1,5
571,could ping twice honker never value lul,1,3
572,order oskomodo oskomodo oskomodo,0,1
573,lul,1,1
574,blessrng please yogg,1,3
575,lul,1,1
576,lul,1,1
577,no mana play,0,3
578,wtf use hogger,-1,3
579,lul,1,1
580,lul,1,1
581,can discover 3th yogg kappa,1,3
582,brann 20 armor lul,1,8
583,spells yogg lul,1,3
584,lul all count spells,1,3
585,kevnhi heey thijs thijshello thijshs,1,6
586,pogchamp,1,1
587,next yogg huge af spells plus,0,3
588,lul,1,1
589,miracle,1,1
590,69 spells yogg brokeback,-1,3
591,great feels good man,1,3
592,smorc,0,1
593,yogg f cked,0,3
594,c thun warrior still works lul,1,3
595,yogg is gonna insane feels good man,1,3
596,infinite spell yogg pogchamp,1,3
597,thijshs do drunk stream bday tomorrow,0,3
598,well best case kills druid kappa,1,3
599,yogg sheep self,0,3
600,smorc,0,1
601,no jades tho,0,3
602,smorc,0,1
603,im ready monkas,0,8
604,biggest yogg ever pogchamp,1,3
605,notlikethis plz do not,-1,8
606,30 armor incoming,0,3
607,thijsnlt,1,1
608,monkas,0,1
609,not control killer right lul,1,8
610,smorc lets go,0,8
611,lul,1,1
612,notlikethis,-1,1
613,smorc best play smorc,1,1
614,yogg flare kappa,1,3
615,thijsnlt,1,1
616,smorc smorc,0,1
617,double pyrosphere druid face,0,3
618,no balls yogg dansgame,-1,3
619,random spells thijsnlt,0,3
620,monkas,0,1
621,takenrg takenrg takenrg takenrg takenrg takenrg,1,1
622,mirror copy yogg lul,1,3
623,discover : sleep fishes x 10,0,3
624,mana bind steal journey ungoro ;d,1,3
625,mirror copy yogg vanish,0,3
626,face,0,1
627,meteor face smorc,0,8
628,wutface,-1,1
629,mana bind explore card,0,3
630,useless spell smorc,0,3
631,xxxsk xxxro,0,1
632,xxxnk xxxed,0,1
633,wutface,-1,1
634,failfish,-1,1
635,is burning yogg,0,3
636,forsenh,0,1
637,wutface,-1,1
638,mirror free yogg,0,3
639,can hero baby bibletuhmp,-1,8
640,ungoro meta is good guys,1,3
641,trumpw clap trumpw clap trumpw clap,0,1
642,good game ull get 1 1 shade,1,3
643,pogchamp,1,1
644,yogg gonna execute druid man,0,3
645,lul,1,1
646,lul,1,1
647,wutface,-1,1
648,choose path 4head,1,8
649,residentsleeper,-1,1
650,2 damage forsenomega,0,8
651,happy birthday thijshs,1,7
652,feels bad man frog is dead feels bad man,-1,3
653,pogchamp,1,1
654,random cards monkas,0,8
655,what decks record,0,4
656,0 4 inc carlsmile,0,8
657,every turn is raven idol turn monkas,0,3
658,happy,1,1
659,happy birthday thijs,1,7
660,im ready yogg,0,3
661,lul,1,1
662,druid lost jades lol,1,3
663,lul,1,1
664,druid 50 armor game lul,1,3
665,residentsleeper,-1,1
666,babyrage,-1,1
667,armor residentsleeper residentsleeper,-1,1
668,nice armor babyrage,-1,3
669,lul,1,1
670,lul,1,1
671,lul,1,1
672,babyrage,-1,1
673,cannot take randomness anymore monkas,0,3
674,trihard,1,1
675,better play yogg,0,3
676,pogchamp,1,1
677,bear form druid forsensleeper,0,3
678,trihard,1,1
679,yhis is fun tavern brawl,0,3
680,cmonbruh,0,1
681,want see yogg,0,3
682,pogchamp,1,1
683,smorc,0,1
684,lul,1,1
685,yogg flare,0,3
686,nerf koreans babyrage,-1,8
687,pogchamp,1,1
688,trihard raycis af,1,8
689,is stupid plays yogg,-1,4
690,4head,1,1
691,playing fatigue game jebaited,1,3
692,guardian druids still op seems residentsleeper,-1,3
693,0 4 police are thijshs datsheffy,0,8
694,smorc,0,1
695,no way win,0,3
696,play another fun deck thijshs,0,3
697,lul,1,1
698,0 5 inc,0,8
699,lul,1,1
700,lul,1,1
701,feels like taver brawl 4head,1,3
702,lul,1,1
703,lul,1,1
704,play yogg when risk,0,3
705,lul,1,1
706,lol,1,1
707,over kevin forsene,0,8
708,lul,1,1
709,is new brawl pogchamp,1,3
710,guy no balls,-1,8
711,forsene,0,1
712,is ovah forsene,0,8
713,concede cannot take anymore wutface,-1,3
714,lul,1,1
715,druid wo not play yogg,0,3
716,over anakin forsene,0,8
717,no balls lul,1,3
718,thijsnlt,1,1
719,where r cards,0,4
720,trihard over boi,1,8
721,why would want yogg can play is not,0,4
722,armor druid vs fatigue mage pogchamp,1,3
723,tirty spells dansgame,-1,3
724,last night was walking park when noticed thijs was getting beat 2 immigrants no racist but could not help but feel sympathy went help was nothing could do 3 us smile face,0,3
725,4head 4head,1,1
726,many choose ur path,0,8
727,lidl stream forsene,0,8
728,lul,1,1
729,long board controll wont play yogg obviously,0,3
730,druid doesnt play yog trihard,1,3
731,not even good many spells thijsnlt,0,3
732,no yogg no balls dansgame,-1,3
733,lul,1,1
734,afraid yogg monkas,-1,3
735,does not want fun wants win dansgame,-1,3
736,lul,1,1
737,trihard druid wants legend 1st time babyrage,-1,3
738,feels bad man,-1,3
739,hes not gonna play yogg,0,3
740,lul,1,1
741,longer doesnt play chance killing thats problem,0,3
742,man yogg played,0,3
743,forsenzu lul v lost,1,8
744,pogchamp,1,1
745,hes scared play yogg,-1,3
746,asia full tryhards,1,8
747,lul koreans lul koreans lul koreans,1,1
748,like 100 hp notlikethis,-1,8
749,no balls swiftrage,-1,3
750,41 hp lul,1,8
751,portal face kappa,1,8
752,yogg flare is gg,0,3
753,losing randomly created deck lul,1,3
754,yogg time boys kappa,1,3
755,cw druid pogchamp,1,3
756,kappa,1,1
757,how hell can druid get 80 armor over course game dansgame,-1,4
758,control warriror is real pogchamp,1,3
759,lul,1,1
760,ffs,0,1
761,yeah hes not going play yogg wants win,0,3
762,play yogg babyrage,-1,3
763,lul,1,1
764,guy is wow,1,8
765,play yogg no balls,-1,3
766,everybody add chinese,0,8
767,biggest yogg ever,1,3
768,run risk winning game,0,3
769,lul lul,1,1
770,hes scared yogg,-1,3
771,lul,1,1
772,concede,-1,8
773,getting rekt is not fun elegiggle,1,3
774,self,0,1
775,yogg kills overdraw,0,3
776,how many spells,0,4
777,how many paths chosen monkas,0,4
778,lol,1,1
779,first spell purify yogg forsenomega,0,3
780,druid is lame residentsleeper,-1,3
781,opponents not memer feels bad man,-1,3
782,should get jaraxxus kebab courrier opieop,0,3
783,yogg feels good man,1,3
784,play yogg chinese guy hotpokket,0,3
785,praise yogg fatigue druid,0,3
786,lul,1,1
787,lul,1,1
788,lul,1,1
789,lul,1,1
790,lul lul lul,1,1
791,lul,1,1
792,yog 4x pyroface,0,8
793,lul,1,1
794,yogg 4x sprint,0,3
795,wtf smile face d,-1,8
796,lul lul,1,1
797,lul,1,1
798,yogg yogg yogg yogg,0,8
799,4head,1,1
800,lul,1,1
801,lul,1,1
802,lul,1,1
803,hes going yogg mill,0,3
804,lul,1,1
805,lul,1,1
806,lul,1,1
807,lul,1,1
808,lul,1,1
809,elegiggle,1,1
810,lul,1,1
811,lul,1,1
812,lul,1,1
813,lul,1,1
814,lul,1,1
815,lul,1,1
816,lul,1,1
817,lul,1,1
818,pogchamp,1,1
819,lul lul,1,1
820,thijs understand is sniping,0,3
821,6 drop tho,0,8
822,what nice guy,1,4
823,40 spell yogg first spell twisting nether kappa,1,3
824,: tf :,0,8
825,lul,1,1
826,thats why doesnt play yogg,0,3
827,lul,1,1
828,lul omega lul forsenomega,1,1
829,thijs is sniping,-1,3
830,won t play yogg hotpokket,0,8
831,bad never yogg babyrage,-1,3
832,come do pogchamp,1,3
833,discover jade idol keeps forever kappa,1,3
834,no is not biblethump,-1,8
835,ice met hahaa,1,8
836,doesnt have lol,1,3
837,win smorc,0,1
838,no balls lul,1,3
839,why would lul,1,4
840,come play yogg swiftrage swiftrage swiftrage,-1,1
841,is going yogg,0,3
842,lul,1,1
843,kappa,1,1
844,exactly druid not fun babyrage,-1,3
845,notlikethis,-1,1
846,hes not gonna do pogchamp,1,3
847,40 spell yogg first spell twisting nether kappa,1,3
848,lul,1,1
849,lul,1,1
850,lul,1,1
851,does have yogg got spirit echoed hand,0,3
852,yogg busted,0,3
853,lul,1,1
854,yogg flare,0,3
855,lul,1,1
856,inb4 mill druid,0,3
857,lul lul,1,1
858,wo not even play,0,3
859,yogg flare,0,3
860,lul,1,1
861,dansgame,-1,1
862,lul,1,1
863,lul,1,1
864,no balls no yogg lul,1,3
865,no yogg lmao,1,3
866,lul,1,1
867,feels bad man,-1,3
868,lul,1,1
869,80 spells blessrng,1,8
870,wutface,-1,1
871,lul,1,1
872,l l readdy sir,0,8
873,lul,1,1
874,yogg sprint,0,3
875,lul,1,1
876,lul,1,1
877,lul,1,1
878,lul,1,1
879,is scared biblethump,-1,8
880,lul,1,1
881,no balls lul,1,3
882,opp no honor,0,8
883,yogg sprint x 4,0,3
884,pogchamp,1,1
885,pogchamp,1,1
886,cmon man gachigasm,1,8
887,babyrage wont play yogg let win,-1,3
888,lul,1,1
889,lul,1,1
890,pogchamp,1,1
891,pogchamp,1,1
892,pogchamp,1,1
893,lul,1,1
894,pogchamp,1,1
895,pogchamp,1,1
896,pogchamp,1,1
897,pogchamp,1,1
898,pogchamp,1,1
899,lul,1,1
900,pogchamp,1,1
901,pogchamp,1,1
902,pogchamp,1,1
903,pogchamp,1,1
904,pogchamp pogchamp pogchamp pogchamp pogchamp pogchamp,1,1
905,pogchamp,1,1
906,pogchamp,1,1
907,pogchamp,1,1
908,lul,1,1
909,pogchamp,1,1
910,pogchamp,1,1
911,pogchamp,1,1
912,pogchamp,1,1
913,pogchamp,1,1
914,pogchamp,1,1
915,pogchamp,1,1
916,pogchamp,1,1
917,pogchamp,1,1
918,pogchamp,1,1
919,wanna kappa good game kappa,1,3
920,lul,1,1
921,pogchamp,1,1
922,monkas,0,1
923,pogchamp,1,1
924,pogchamp,1,1
925,pogchamp,1,1
926,lul,1,1
927,lul,1,1
928,pogchamp pogchamp pogchamp pogchamp pogchamp pogchamp pogchamp pogchamp pogchamp pogchamp pogchamp pogchamp pogchamp pogchamp,1,1
929,lul,1,1
930,rekt,-1,1
931,lul,1,1
932,pogchamp,1,1
933,lul,1,1
934,lul,1,1
935,lul,1,1
936,lul,1,1
937,biblethump,-1,1
938,lul,1,1
939,lul lul,1,1
940,lul,1,1
941,lul,1,1
942,lul,1,1
943,feels bad man,-1,3
944,lul,1,1
945,lul,1,1
946,lol,1,1
947,lul,1,1
948,lul,1,1
949,feels bad man,-1,3
950,lul,1,1
951,lul,1,1
952,4head,1,1
953,lul,1,1
954,lul,1,1
955,lul lul lul lul,1,1
956,lidl yogg forsenomega,0,3
957,lul,1,1
958,feels bad man,-1,3
959,lul,1,1
960,lul lul lul,1,1
961,lul,1,1
962,lul,1,1
963,10 10 bm,0,8
964,lul,1,1
965,lul,1,1
966,lul,1,1
967,babyrage didnt win,-1,8
968,rekt,-1,1
969,thijsnlt,1,1
970,lul,1,1
971,suicide feels good man,1,3
972,lul,1,1
973,yogg feels bad man,-1,3
974,bm 10 10,0,8
975,notlikethis,-1,1
976,pogchamp,1,1
977,amazing yogg wow,1,3
978,brokeback herthstone brokeback,-1,3
979,yogg bm,0,3
980,fking lucky lul,1,8
981,0 4 best start ever pogchamp,1,8
982,bm 100 100,0,8
983,deserved rng dansgame,-1,3
984,feels bad man,-1,3
985,brokeback,-1,1
986,lul,1,1
987,well was let yogg,0,3
988,monkas e excuse mr thijs sir climb wrong way,-1,3
989,memed feels good man,1,3
990,praise yogg blessrng,1,3
991,0 3 cmonbruh,0,8
992,play jade yogg pogchamp,1,3
993,played fun feels good man,1,3
994,yogg was insane,1,3
995,babyrage,-1,1
996,good thijs subscribe,1,3
997,thijshs add yogg deck pogchamp,1,3
998,minglee big balls smile face,1,3
999,dansgame,-1,1
1000,oh ya even 0 4 dansgame,-1,8
1001,notlikethis,-1,1
1002,wutface,-1,1
1003,thijshs deckchange is due pogchamp,1,3
1004,0 4 ads,0,8
1005,could awesome fellsbadman,-1,3
1006,monkas legend is way,1,3
1007,dansgame,-1,1
1008,much randomness tho thijsnlt,0,3
1009,nice game though,1,3
1010,praise yogg blessrng,1,3
1011,rank 2 mega lul,1,3
1012,wutface,-1,1
1013,incredible rivarly thijs bookshelf named players,0,3
1014,babyrage wahh wahh,-1,8
1015,yogg rita,0,3
1016,heyguys,1,1
1017,thijshs play some c thun druid,0,3
1018,rank 3 police datsheffy,0,3
1019,non prime soda lul,1,8
1020,adblock isn t working wutface,-1,8
1021,who gets ads lul,1,8
1022,ads never finish babyrage,-1,8
1023,lol,1,1
1024,yo yo yo,0,8
1025,thijs maybe add yogg deck pogchamp,1,3
1026,4head,1,1
1027,kappa,1,1
1028,ad rape monkas,0,8
1029,thijshs why not yogg instead alex deck,0,4
1030,goal deck yogg is play yogg many spells possible,0,3
1031,smorc,0,1
1032,praise yogg blessrng,1,3
1033,what thijshs hope day is good bro,1,4
1034,one worst decks ive crafted,0,3
1035,everyone wants friend,0,8
1036,whose birthday is pogchamp,1,4
1037,heyguys,1,1
1038,smorc,0,1
1039,yogg dexk pogchamp,1,3
1040,one worst decks ive crafted,-1,3
1041,smorc,0,1
1042,quest rogue gg,1,3
1043,kappa,1,1
1044,smorc,0,1
1045,wutface,-1,1
1046,sick all ads gay trip resorts stuff do guys also get ads homosexual events why is happening,0,4
1047,smorc,0,1
1048,smorc,0,1
1049,kill russians wutface,-1,8
1050,glacial shard is broken card,0,3
1051,which card would replace bloodmage got no dust thijshs,0,4
1052,smorc,0,1
1053,brokeback,-1,1
1054,cyka blyat smorc,0,8
1055,smorc,0,1
1056,happy,1,1
1057,can run volcanic potion,0,3
1058,save dust lol deck sucks,1,3
1059,ice meet hahaa,1,8
1060,blizzard nerf quest rogue notlikethis notlikethis,-1,3
1061,smorc,0,1